epoch,accuracy,dice_coef,iou_metric,learning_rate,loss,val_accuracy,val_dice_coef,val_iou_metric,val_loss
0,0.872965931892395,0.32843825221061707,0.28381770849227905,9.999999747378752e-05,1.0418601036071777,0.8203675150871277,0.18343932926654816,0.17917054891586304,1.3548617362976074
1,0.9205990433692932,0.4419117867946625,0.3755740821361542,9.999999747378752e-05,0.8000547885894775,0.44102349877357483,0.19232319295406342,0.11535266041755676,2.529661178588867
2,0.9273921251296997,0.49921542406082153,0.4103878140449524,9.999999747378752e-05,0.7123979926109314,0.6666557788848877,0.27169373631477356,0.17965781688690186,1.9683916568756104
3,0.9355908036231995,0.5470784902572632,0.46024787425994873,9.999999747378752e-05,0.6427713632583618,0.8724103569984436,0.32500866055488586,0.22621798515319824,1.1151694059371948
4,0.9352384805679321,0.5602511763572693,0.4565597474575043,9.999999747378752e-05,0.6265101432800293,0.9060608744621277,0.36838531494140625,0.24761728942394257,0.9788689017295837
5,0.9424954056739807,0.5989885926246643,0.49322769045829773,9.999999747378752e-05,0.5706638097763062,0.9133184552192688,0.38646504282951355,0.27989038825035095,0.8648748993873596
6,0.9438186883926392,0.6048704385757446,0.5064876079559326,9.999999747378752e-05,0.5626962184906006,0.9366680383682251,0.41986367106437683,0.2657438814640045,0.7821164727210999
7,0.9477609395980835,0.627703070640564,0.5212692022323608,9.999999747378752e-05,0.5298805832862854,0.937389075756073,0.546170175075531,0.3579227030277252,0.6323763728141785
8,0.9486352801322937,0.6428350806236267,0.5334075689315796,9.999999747378752e-05,0.5084535479545593,0.9448674321174622,0.5348259806632996,0.36800703406333923,0.6388432383537292
9,0.9493061900138855,0.6533205509185791,0.5564869046211243,9.999999747378752e-05,0.49590831995010376,0.9445176124572754,0.5645111203193665,0.3878137171268463,0.5668467879295349
10,0.9523680210113525,0.6730196475982666,0.5616850256919861,9.999999747378752e-05,0.47374656796455383,0.9433252215385437,0.5576331615447998,0.38463687896728516,0.5943236351013184
11,0.953412652015686,0.6793539524078369,0.5609897375106812,9.999999747378752e-05,0.45902496576309204,0.9612102508544922,0.6181133389472961,0.38623833656311035,0.5021819472312927
12,0.9543025493621826,0.6939032077789307,0.58060622215271,9.999999747378752e-05,0.44260406494140625,0.9694054126739502,0.6086181998252869,0.4983029067516327,0.4526868164539337
13,0.9572608470916748,0.7078083753585815,0.5930827856063843,9.999999747378752e-05,0.4202398359775543,0.9698079228401184,0.7044768929481506,0.48363304138183594,0.4271154999732971
14,0.9581792950630188,0.7187312245368958,0.6236393451690674,9.999999747378752e-05,0.4104093909263611,0.9700384140014648,0.6682199835777283,0.5110780000686646,0.4325134754180908
15,0.9606015086174011,0.7308589220046997,0.6258901357650757,9.999999747378752e-05,0.39480048418045044,0.9628766179084778,0.6694178581237793,0.47555121779441833,0.45054545998573303
16,0.9579732418060303,0.7212552428245544,0.6220767498016357,9.999999747378752e-05,0.40624919533729553,0.9634718894958496,0.6753355860710144,0.5250723361968994,0.4612244963645935
17,0.9591491222381592,0.7262745499610901,0.6326955556869507,9.999999747378752e-05,0.398680716753006,0.9686650037765503,0.547206461429596,0.3865032494068146,0.49489662051200867
18,0.9596036672592163,0.7299658060073853,0.6226444840431213,9.999999747378752e-05,0.3946899175643921,0.9628604054450989,0.688471257686615,0.5099186301231384,0.4307405948638916
19,0.9654171466827393,0.7673171162605286,0.6867913007736206,4.999999873689376e-05,0.3389229476451874,0.9788960218429565,0.7294670939445496,0.5643969178199768,0.33243829011917114
20,0.9701976180076599,0.7946458458900452,0.7138835191726685,4.999999873689376e-05,0.2988907992839813,0.9753581285476685,0.7447468638420105,0.5336760878562927,0.3466269075870514
21,0.9713770151138306,0.8031153678894043,0.7184907793998718,4.999999873689376e-05,0.28731587529182434,0.9630038142204285,0.6949051022529602,0.5223256349563599,0.41689541935920715
22,0.972012460231781,0.8083515763282776,0.7259964942932129,4.999999873689376e-05,0.2797587513923645,0.9737418293952942,0.7430794835090637,0.5137940645217896,0.34697553515434265
23,0.9736911058425903,0.8167871236801147,0.733599066734314,4.999999873689376e-05,0.26750269532203674,0.9797410368919373,0.8134476542472839,0.6108128428459167,0.27119988203048706
24,0.9732031226158142,0.8101108074188232,0.7339527606964111,4.999999873689376e-05,0.27608829736709595,0.9768629670143127,0.7552706599235535,0.5403988361358643,0.35597026348114014
25,0.9750463962554932,0.8285726308822632,0.746539831161499,4.999999873689376e-05,0.2537992000579834,0.9758227467536926,0.7617366313934326,0.5388901829719543,0.32558488845825195
26,0.9729756116867065,0.8171838521957397,0.7395875453948975,4.999999873689376e-05,0.2704709470272064,0.9762663841247559,0.7783451080322266,0.635291576385498,0.32466986775398254
27,0.9759911298751831,0.8351765275001526,0.7463130950927734,4.999999873689376e-05,0.24390901625156403,0.9770493507385254,0.7176241874694824,0.5199767351150513,0.31276294589042664
28,0.9757510423660278,0.8353961706161499,0.7562764883041382,4.999999873689376e-05,0.2440001517534256,0.97694331407547,0.8041936755180359,0.5439611077308655,0.28052613139152527
29,0.9785753488540649,0.8499805331230164,0.7715756297111511,2.499999936844688e-05,0.2187068909406662,0.9773219227790833,0.7821987271308899,0.5526602268218994,0.29998767375946045
30,0.9796302914619446,0.8587227463722229,0.7874372601509094,2.499999936844688e-05,0.20728419721126556,0.9821915626525879,0.8219866752624512,0.5840070247650146,0.25884392857551575
31,0.9811406135559082,0.8638514876365662,0.7973597049713135,2.499999936844688e-05,0.19708557426929474,0.9793167114257812,0.8121562004089355,0.5995348691940308,0.27850157022476196
32,0.9807265996932983,0.8624699115753174,0.7934993505477905,2.499999936844688e-05,0.2013102024793625,0.9822050929069519,0.8255403637886047,0.6004313826560974,0.24138830602169037
33,0.9831563830375671,0.876638650894165,0.8039357662200928,2.499999936844688e-05,0.17871013283729553,0.9812182188034058,0.8045169711112976,0.6194071769714355,0.2697543799877167
34,0.9813177585601807,0.8634774088859558,0.7946115136146545,2.499999936844688e-05,0.1988372802734375,0.984809160232544,0.8438200950622559,0.636594295501709,0.22356851398944855
35,0.9816992282867432,0.8692613840103149,0.7965201735496521,2.499999936844688e-05,0.190500870347023,0.9781497120857239,0.7947978973388672,0.5956809520721436,0.285798043012619
36,0.9822238087654114,0.8755242824554443,0.8018630146980286,2.499999936844688e-05,0.18388523161411285,0.9862432479858398,0.8466944694519043,0.6488285660743713,0.20283906161785126
37,0.9818474054336548,0.8672934770584106,0.803629457950592,2.499999936844688e-05,0.19289416074752808,0.968720555305481,0.7686491012573242,0.5889882445335388,0.3632325232028961
38,0.9822695851325989,0.8725991249084473,0.801876425743103,2.499999936844688e-05,0.18717974424362183,0.9827659130096436,0.7701599597930908,0.5516484975814819,0.24929869174957275
39,0.9832290410995483,0.8784048557281494,0.814083993434906,2.499999936844688e-05,0.17750145494937897,0.9837884902954102,0.8446638584136963,0.6991202235221863,0.21609924733638763
40,0.9840928912162781,0.8846237659454346,0.8203440308570862,2.499999936844688e-05,0.1679922491312027,0.9794805645942688,0.8222723007202148,0.6301631331443787,0.26012712717056274
41,0.9845149517059326,0.8875406384468079,0.8254411220550537,2.499999936844688e-05,0.16465215384960175,0.9833781123161316,0.8372958302497864,0.667354166507721,0.23808220028877258
42,0.984561026096344,0.8835101127624512,0.819919228553772,1.249999968422344e-05,0.16769903898239136,0.9820572733879089,0.8391391634941101,0.6566334962844849,0.22888188064098358
43,0.9860851764678955,0.8969127535820007,0.8324888348579407,1.249999968422344e-05,0.14947864413261414,0.9797515869140625,0.8180286288261414,0.6215817928314209,0.2583582401275635
44,0.9854797124862671,0.8940171003341675,0.8278355598449707,1.249999968422344e-05,0.15548057854175568,0.9821054339408875,0.8463767170906067,0.6506404280662537,0.23042099177837372
45,0.9854055643081665,0.894610583782196,0.8289554119110107,1.249999968422344e-05,0.15408813953399658,0.9836985468864441,0.8197264671325684,0.5844781398773193,0.25230079889297485
46,0.984833836555481,0.889447033405304,0.8286470770835876,1.249999968422344e-05,0.16081933677196503,0.9833345413208008,0.842276394367218,0.6554116606712341,0.2228928804397583
47,0.9867419600486755,0.9025141000747681,0.8381220102310181,6.24999984211172e-06,0.14101503789424896,0.9795993566513062,0.812233030796051,0.6234973073005676,0.24253156781196594
48,0.9873204231262207,0.9021502733230591,0.842233419418335,6.24999984211172e-06,0.14036166667938232,0.9853944182395935,0.8462836146354675,0.694417417049408,0.20596812665462494
49,0.9864686727523804,0.9011781215667725,0.8360685706138611,6.24999984211172e-06,0.144598126411438,0.9815464019775391,0.82033771276474,0.6097288131713867,0.24971210956573486
50,0.9858984351158142,0.8993701934814453,0.8355538249015808,6.24999984211172e-06,0.1483357846736908,0.9835131764411926,0.8449366688728333,0.6346033215522766,0.2156280279159546
51,0.985867977142334,0.8957328200340271,0.8323808312416077,6.24999984211172e-06,0.1513441652059555,0.9849454164505005,0.8227026462554932,0.5863282084465027,0.2206719070672989
